DRUM (plug-in),DRUM,naive,duchi
1.0718678728572268,1.000200424052465,2.5930958398565624,2.434690761459908
1.288572348535739,1.2759734873045694,3.2034316882171257,3.0225042030108704
1.1667907026825268,1.1290607020965204,3.001617162125944,2.8420262517381913
1.1155819631846104,1.1421997391086276,2.1995921033367942,2.0798278969233985
1.1859741152151109,1.1408431221703006,2.8283433594738296,2.663971235496402
0.6830556685349688,0.7130968868969899,1.575449617692677,1.486701910863657
1.265882782061113,1.2492207486030749,2.8811392440574664,2.7141253550676963
1.2277546969409432,1.2381824471240375,2.9947235214655885,2.8427740894421216
1.093505937522397,1.0364124249200104,2.7549206849203838,2.5981280810176557
0.98432048546956,0.9595042152958024,2.60593808013118,2.437368344218672
1.098465271108752,1.1133169743745361,2.6909713472703727,2.5313891028817896
1.0951844090488767,1.0543059039868699,2.8117178935886904,2.64364443547986
0.9219850993023542,0.9234362274073206,2.264188844127318,2.13255480842527
0.9944453293053385,0.9284673501464121,2.6308414273927836,2.4521587395779045
0.8381555289306529,0.8779577643007558,1.5143906233535869,1.4267699865616217
0.6983733690110059,0.7360232029752202,1.4142134830328468,1.33827080788225
1.4535085935503331,1.4169723990492706,3.5078392040179684,3.3197709182943607
0.9578215211185069,0.9502390750661279,2.2646243071555747,2.128464399568161
1.455377426319094,1.4007616584687856,3.551665479229689,3.3514884010187735
0.8309659987532148,0.8730634330967113,1.6276238098578049,1.5317437886410485
1.0101572518266222,0.9673675668907583,2.4965967233584103,2.3571011647865507
0.7856124712975442,0.8011926006148458,2.0024016401448796,1.900788801334914
0.878286641885405,0.8500539871250994,1.8900360274115606,1.7859090356190568
1.018538175077738,1.024171397654248,2.4618385559176863,2.335881346033896
0.9588726014526073,0.9128166342561883,2.373525331478831,2.230994368278277
0.9744490088681689,0.977006658221849,2.4580258234128145,2.317541484691741
1.2674937696100685,1.2128215401975715,2.9432819487502107,2.768795363978266
1.642489530793136,1.6276421834362325,3.8915311180077494,3.684728726212684
1.1142867545802784,1.1300799411314657,1.9518172617881433,1.8751047288707057
0.8680861291586767,0.9158553504713992,1.765386590228323,1.6791239303069283
0.9942169151073448,0.942548965994868,2.563533738715696,2.4085148066726627
1.1218508964806855,1.157874722815545,2.6678675088623813,2.5302746526570017
0.9493003250735343,0.9266673189865945,2.4588844674603587,2.2998334278040717
1.0144572890873989,1.006762412892402,2.251949651798151,2.130840810886919
0.8795613369442682,0.8965985619435592,2.2978712783324218,2.167188874493523
1.4131329949960578,1.343040299727447,3.456480748515514,3.2563267863200083
0.9861809755111677,0.9986162326553636,2.488971669094239,2.350043524590552
1.1011918072991476,1.1275329196406303,2.820818225701679,2.6692054864144796
0.9935984292287349,0.9804760722070703,2.404662837560235,2.28120276306818
1.4127753992193919,1.392287451913815,3.449668084271142,3.2767751131583873
1.1738720745080524,1.085113343689683,3.034395108812311,2.842432741343319
1.2156510311563202,1.1923206271088527,2.832521491171622,2.66498325124461
1.1147592570118525,1.0948342040997807,2.667315322042311,2.5219928224819133
0.9153615155436934,0.9426111080849378,2.28417042016354,2.149222640170149
1.0637546949057421,1.0846131756411694,1.6371180306876614,1.5507821873087104
0.9512921320517503,0.9414702517337492,2.4051275369338794,2.2760862931741213
1.0149010322031509,1.0268389355532759,2.121199407936113,2.004878664502442
0.8997667375258298,0.868757263131123,2.4569409531700406,2.31054128629069
1.3632510421324726,1.2904913462021057,3.0216508599271683,2.865774072031222
1.0447371194695785,0.997932399964239,2.485906949104793,2.3171773228146306
1.49833211581473,1.4457090992990238,3.5462634883664914,3.3415715602872327
0.9574421853646614,0.956380896291241,2.1284663061839884,2.0184353830317376
0.808239644618636,0.815440216454136,1.8182463444069896,1.7024824251023207
1.6121193793807076,1.5775560546806986,3.861267341473974,3.6743646713211806
1.3399139690852049,1.2635480186830021,3.2770347688774906,3.0937550765125024
1.128901247272919,1.0554901103255185,2.8574506184183455,2.688659101170811
1.2786915294438026,1.2806870418394265,2.35793761017324,2.25312119387441
1.3192629374886442,1.3196134878621586,3.2312535066654817,3.0589791861457263
0.8981238184600574,0.8861537116918707,2.2815508768979424,2.1631040703206104
0.8669388693801667,0.8855516468712595,1.8185571842097137,1.6919038648171094
0.9229183703884388,0.9787739883613794,2.255063360243466,2.1503313010359975
0.7977196276290554,0.7919936758109701,1.6112508545293829,1.5224181680611604
0.7067673970620195,0.7196175677113926,1.7297445810920353,1.6303579001117041
1.0152807146651874,0.9804790674333025,2.4132043104538186,2.272769570409149
1.0758727566193123,1.0612008426990458,2.4065811883653807,2.2741320704651584
1.2809552092801313,1.2553834121847613,3.260492020136444,3.073062131176876
1.0083540378131017,1.0858409924854344,1.63415492918093,1.5712320765808963
1.0601682271609092,1.091592389143953,2.0493111558351926,1.9563890801765371
1.3857278231045371,1.340224338381582,3.3313215618002423,3.1412710090715628
0.739335830408607,0.7734608655292962,1.6985701785157636,1.6019627689098184
0.9009550829001474,0.9417026616132087,2.1046393175612828,1.9854780768781624
0.9695295364700305,0.962372094775432,2.4594133806418617,2.3137921687774576
1.2640661752763402,1.274107277861788,3.020795809556648,2.870890061247748
1.2127620186116124,1.1949312400495526,3.018220379031691,2.848794635862651
0.6737034361087788,0.6872934402481402,1.541910112881229,1.446249499378882
1.0876914865910223,1.0774457981992922,2.460298547222265,2.311724090777244
1.0606144196925291,1.0517061628821849,2.286312865694887,2.164550760348014
1.2088447702268363,1.207138542772331,2.7178292598417872,2.5579222435496622
1.31709428505067,1.2816248129529433,3.089850341556725,2.9229243187392995
1.2158232852089474,1.1596221452599162,3.012068126849645,2.861178827935814
1.5318284899196162,1.5004179789207723,3.695008106298356,3.5013418836804453
0.8555689194138262,0.791969759372787,2.2025733406312344,2.0495544567912845
1.0849360730340927,1.0860416341629011,2.7049019506418266,2.560284090208715
0.9565146707545255,1.002725108303404,1.6732308759801324,1.5830417106366867
1.0995881667592826,1.096263656828422,2.660809731433463,2.5190128350904497
1.5945973948330359,1.5385785843209163,3.7835595464792937,3.586858022992225
0.974053032208017,0.9614756411068693,2.4084293775362777,2.272380074785356
1.9195187149492838,1.8727441429463318,4.319165225411717,4.08986764860092
1.0192672913597287,0.9875274264305186,2.68622737471083,2.5211632655081595
1.09152699840029,1.027468386054307,2.7496638647226055,2.5833289371962826
1.1894357719423951,1.1509264531851944,3.028248236507502,2.8535875120654928
1.466087220860794,1.4151833181772489,3.5902624950179587,3.403245596959156
1.6348333635116663,1.5905089388569027,3.815053895969084,3.6071394555544827
1.0593661196853614,1.1127113831089814,2.229525854679334,2.1312257899200513
1.015933350782749,1.0310804879367437,2.6091714892172178,2.4622739113829883
1.2408039483030522,1.1663217804789707,3.173439062291646,3.0001032293561622
0.9782632513278655,0.9427161048211364,2.217703243534999,2.0842395708296872
0.8050942266337695,0.804603333103112,1.6412901657154506,1.5367867882079886
0.9359031908961807,0.9247757207782327,2.370522218572086,2.224693504472923
0.9412924598149914,0.9559421155470252,2.102880052905912,1.9977254069985761
0.8799262711461494,0.8911036327056164,1.8847967116509614,1.7844149987956
1.0826830143747657,1.0691550156397054,2.84013083200012,2.6568125760000894
0.9509686213580991,0.9225227551531447,2.2580054155457305,2.1399275513162013
0.9979344542894267,1.0058788124960159,2.4595033887343747,2.3375399197558853
0.7738939081819968,0.7871843711236907,1.4899680832633555,1.4172053627436079
1.133633684109554,1.1333283978644961,2.897910510369326,2.7459127227258966
1.036588292718941,1.0852548112192133,2.362206167803373,2.2430095850744687
0.8771514627919607,0.9153440264196766,2.0060608277470013,1.8997428097966014
0.8263340690146496,0.810784928158478,2.234539890794433,2.0809487617708533
0.7251968746795797,0.7130848034798669,1.6324649897094021,1.5572712899919454
1.198272984787546,1.1929265852292257,2.8637121999847874,2.714114386332244
0.8283036591412432,0.830117892433652,2.0440481916348063,1.9273029924447027
0.8374621151086943,0.8521450403771873,2.2097883364816173,2.0802596344398503
0.9071541151820296,0.9640023329265269,1.7710907337244777,1.6741823418575366
1.3888712914694026,1.4313247901173052,3.1669112993861037,3.026271648669345
1.0647307210377235,1.0661282781126202,2.573885434968382,2.4338683575388758
1.2225830040033405,1.220408119721134,3.0265237731641403,2.847177765334596
0.9829667053996755,0.9241897747362737,2.48016467690057,2.3226905870671386
1.1306491202099338,1.0986963114882387,2.8929823399015007,2.7345620808230873
1.2063506809547635,1.14489453247529,2.7986058656980886,2.6273172257250583
0.9856583161658016,0.9136243358336826,2.57241646192301,2.4115101169324373
0.9857579043045579,1.0466603742795362,2.1264253657499,2.0307657779969
0.7505735168771073,0.7541802042608887,1.2834368486777585,1.2281522776334353
1.256392912898041,1.3419249915823772,1.9931273594049153,1.9348266016310023
1.0590260961556335,1.0903616445912232,2.240498058926078,2.1233783646141218
1.4221412672765483,1.3111323215361077,3.4269148812454664,3.212679455648596
1.8172946056010597,1.7610312671655242,4.079138603368588,3.8729824660895926
0.9287508937526787,0.8949408900824749,2.3073963236847232,2.1735509456192825
0.9321660144479341,0.91273987490251,2.50538658701631,2.3636760488841704
0.9535299551475925,0.965715366293327,2.306342025536285,2.1913657680537417
1.4660539720679993,1.3716698031933925,3.494572349227224,3.3028216402294457
1.300119966837488,1.2512518816649902,3.180080270852889,3.003129935572042
1.2141423832069969,1.2028254666075522,2.9485214509554214,2.7998476209603904
0.7593736894952757,0.8276347460657366,1.2625764734222635,1.1967397720020443
0.953433005703466,0.9653459130450122,2.210778540032998,2.084986213696113
1.0947759510658652,1.0792671202185318,2.602561409110962,2.448221646023776
1.102353255386873,1.0762604400691087,2.9224075950256827,2.7425009367166213
1.013525371292371,0.9648340584397941,2.184968888025022,2.0724656579980922
0.7628218810891155,0.7934593243174664,1.754699032076492,1.6657690464757504
0.7884537641956755,0.8209510651356673,1.9850471757455794,1.8791607906461962
0.9029418230900704,0.9097708597572778,2.337082223226954,2.206338059684671
1.4816824917044047,1.400065226963101,3.5654671293827147,3.35758110212762
0.9444395966566772,0.9718555864638031,2.1376170635804272,2.0111354214274924
1.2695931840836838,1.2634241955946217,3.196713729287191,3.0385620420950383
1.1633242140659688,1.122239765799658,3.013769872110551,2.831859732059515
0.9335451538123639,0.9538927892456687,2.2391717828636026,2.135804959469745
1.143583244547097,1.1298974188130075,2.7188560261975705,2.5919679341034274
1.0638011109544465,1.029990698383078,2.791393030238754,2.634257459943072
1.273787952400449,1.152906376848447,2.940353810599828,2.7474386263577477
1.3055896651632393,1.2789841145761394,3.068663097736563,2.910704043539889
1.223390751127671,1.1917946775172408,3.0540714192797775,2.881841030012311
0.8085737202013303,0.7892221629191379,1.726437297028686,1.6282190772562897
1.0763633419555534,1.058593209701638,2.7278252985874074,2.5746491986719864
1.585038294195569,1.5311002481006206,3.764422827819861,3.5632033793002513
1.037738391708242,1.0412220404319885,2.6225826493455258,2.498994975170429
1.029371068723763,1.0252427297524827,2.6122831996088216,2.4712807253793563
0.9119772525595775,0.9020511562921557,1.6927077298128215,1.6222069526534033
1.2049207649781086,1.1879357324329356,3.0067661305803774,2.8379766025197424
1.0257975948325888,1.1379108036241874,1.5728687453851418,1.500103689796531
0.9969119200756195,1.0058688439088843,2.503776831324072,2.3920972244439227
0.8157409087365192,0.7902185686699098,1.660654532901155,1.5617137271756871
1.0052914458593967,0.9846013532219581,2.6264598547925537,2.466570610218633
1.2526382533188922,1.213105022420612,3.134793363941737,2.9519634994751396
1.2355151652377792,1.1878362528906552,3.049239033584754,2.857896107405203
1.318663239931255,1.2713537666895132,3.0695671659748753,2.8986786568791376
1.7081853131028597,1.6305578830148382,3.9664391221236475,3.7486623716446212
1.2516724379300628,1.1843289256831848,3.1645198579547573,2.980787172727861
0.7417207401031539,0.7486887809290098,1.8889074190267536,1.7752541353183187
0.9890814690878857,0.9889522167140093,2.391604158424795,2.2741805881182287
0.9646168057807687,0.9988757089934008,2.363672385920395,2.2446038916052307
0.9325668735661408,0.9080841484362815,2.487490369554726,2.339390357496846
1.6715992913623134,1.6340955108651856,3.932080227009502,3.7265129205223455
0.7273726081092557,0.7533158320410023,1.742317072518599,1.6258882531433583
1.1434794120013898,1.1332535682407974,2.6144269969922194,2.4821242608057656
1.0164929014292388,1.0482484058985677,1.6725941615442372,1.6010588874023002
0.9082290907597046,0.9277514177151326,2.2658587823539356,2.1440828895146646
1.1135768252641312,1.092293629744166,2.667447708178799,2.5217847019078374
1.4878208346167439,1.436549446537127,3.504999963373008,3.312959109206968
1.5089064729629371,1.4947609969744136,3.583104747947504,3.4075421677481446
1.2770947488703615,1.279266004245766,2.911428938546315,2.7614218225742957
1.1964417556640305,1.2405498924443052,2.5075502565422703,2.394629411534506
1.0833756810445687,1.1697027473009225,2.261905497189073,2.177076239297508
1.1137452715944094,1.1029137666124977,2.680545530296667,2.52071903198166
0.9986995822293862,0.943805386835151,2.599646286483451,2.4469140885660323
0.7732187176701019,0.8344861779249922,2.0029110185945957,1.880655281369777
1.4182984183361191,1.3818354190136963,3.1196449551333774,2.949983642070659
0.8517206069907515,0.8783323116108247,2.0240879026086986,1.903469675144018
1.0231754844742615,1.0931410088216122,2.0773762681212844,2.000977673926405
1.0609979878112292,1.0864901425014182,1.7878621716440146,1.7111008662906793
1.2921841355710892,1.2852931850184635,3.1211826388512307,2.9584061539497313
0.9611709270530674,0.9289073518836184,2.3018427333444267,2.159504671977323
0.9563437901209662,0.9747934032459069,2.1120795621275676,2.0082801555495693
1.2849435323545113,1.2515282763992095,3.290312865791393,3.1005055403590784
0.9415380749694549,0.9104373918451315,2.5401727520635387,2.3717731462563276
1.251113190229637,1.2075452266992281,3.0836246336406634,2.903935569373418
1.2358364128848036,1.2892725730919865,2.0997665609520846,2.021172512735775
0.974319814634757,0.9618438479568958,2.3543611346073403,2.2085976022098577
0.6706498740003497,0.6811434927628736,1.6400291707145322,1.5524343564459773
1.1873418380739833,1.1844200020003508,2.5460977134300395,2.4235258816836156
1.0325145666747406,0.9919130839587714,2.4766281723762926,2.3309835566706587
1.135441930794767,1.1278670857258721,2.8786861848096,2.7120586272419587
1.2398667440503188,1.211249437084598,3.0587757521153773,2.881881766965236
1.059725202248133,1.075300641002034,1.8991276954033305,1.7920249077667665
0.7873461845841756,0.8465637724057941,1.5817651935945791,1.4926765865897826
1.3253767339518199,1.2469637591009501,3.26063138748954,3.08130643422971
1.1321670971476525,1.1232073853218465,2.651231921106979,2.4995257250460408
1.2357262435986562,1.1745016638833201,3.1164616268804664,2.9203038922573357
1.2378043189977683,1.1918428549267528,3.174771009547413,3.001779509915983
1.2448360418869853,1.2877146531366228,2.938970977085055,2.797932592101235
1.1373233239844132,1.1582668643186786,2.7500751302520188,2.605618172905466
0.8056223682124423,0.8213694560197314,1.811896001542296,1.7027957677703829
1.048394812913968,1.0375057806034014,2.645411734147686,2.4884107687235826
0.8816848133257151,0.8521831497662502,2.4353334086611063,2.2864823734007795
0.9820905102900107,0.9925860923477905,2.3989701995576165,2.2652914676858624
0.9341279744176879,0.8768680173121671,2.2489948594017157,2.110258252507871
0.908102841539201,0.9362735468783576,2.40387416372473,2.2572410474505475
1.0468180708567973,1.0400174616683988,2.5215734577635196,2.364648589693221
1.0869814554934234,1.0362156349278546,2.6973266324815075,2.533206496367242
1.2864902521383503,1.2629580161128215,3.178068847636454,3.0172558226088615
0.925809208333085,0.9062555760839822,2.3811502347250952,2.235041692608859
1.2943385574789763,1.276510719400305,3.12888406496022,2.9598971933181946
1.2383733967399564,1.2007397297074898,3.1143536978112634,2.9370095181835505
1.5088762915208596,1.5401686227980969,3.4535073565796695,3.305091779338392
0.8908045194598916,0.8351830029997922,2.3139973439931767,2.1721245303462458
0.6885798928362602,0.722469088989573,1.3814049803868607,1.3000462271872884
1.4442472037621732,1.4281707798780114,3.523978885929045,3.3411180476825395
0.8610590992060365,0.8813340520269504,1.9306311538011842,1.8149739661622286
0.8917127872556254,0.901171247526897,2.033468834465288,1.9284276538323701
1.3431666544646172,1.2567225669419337,3.3560425200463095,3.1626619944512377
0.936012121514996,0.9171685377493004,2.4152012549604853,2.25483725357429
1.0120172090912023,0.9483411297023884,2.6213958102428863,2.452840392115953
0.9437697292618923,1.0159675547491858,2.008818515667304,1.9089198043810787
1.0892454343194131,1.0612174487742336,2.7402735080385203,2.5847604958264125
1.7500733253165957,1.7166008258262884,4.051253965190443,3.8451602902721365
1.1953870193835034,1.1738355734972394,2.9250934963358275,2.789014917272813
0.9183666959563336,0.9523395314404828,2.222432131216597,2.1005956842422093
1.400387179924301,1.429466489094165,3.3087070659709794,3.1735213042489883
1.0119848680287178,1.0601044261741421,2.1529267403068313,2.0310110282846927
1.11078640675037,1.102223937702975,2.660401895058011,2.508023014078794
1.2879187386077586,1.2377219172181095,3.1424877329659395,2.9538241415271806
0.9102327960475312,0.9622808063174525,1.8745024819948373,1.7913748023613891
1.163369782466093,1.1375793247626604,2.944157081106242,2.7786670427553837
0.8209021111051675,0.8630723640074262,1.6976439577245392,1.6150333630763278
1.0810535812285547,1.0623686287692566,2.143905331164594,2.0377973783181464
1.145476805231163,1.1426175993343517,2.570282056168429,2.4316499141714063
1.169956326558284,1.141632913190654,2.818499652145085,2.668180064899222
1.2717244873725,1.1896223162577997,2.9985973435122637,2.8156179137936244
1.0332317203954735,1.0059599255473517,2.4948032225866923,2.36129843837911
1.307651630018357,1.2496219821034646,3.314490347129484,3.114623501874518
0.8272599445273819,0.8862333155913522,1.2748265076015566,1.2325260353025043
0.872612703854541,0.9056169889663528,1.5780485643029811,1.497235141117999
1.0473515989187152,1.153283813985948,1.3874320595827285,1.3287589577327072
1.2622671754819212,1.232913425282943,3.0027692306726674,2.8417614616652274
0.782445323696998,0.7460002153188088,2.023339434335922,1.8867221997601251
0.8549698187454007,0.85266531714502,2.2394131823520436,2.109372259337921
1.27110885002579,1.3086023161191223,3.0684168000801804,2.9149967745466143
1.1759119659705988,1.2093947328051482,2.6473763041330454,2.5344945314790803
1.4506229067062244,1.4098464373713593,3.4062858949504267,3.234277367745057
1.1985689663041543,1.1232525145350363,2.9052109141614277,2.7271296054608727
0.9073979405174399,0.8835871131977737,1.9435428466769784,1.809400487664734
0.7670298919710705,0.7305018202824678,2.032163488173575,1.9011682105058954
1.2485966936225077,1.2345323609316752,3.1002622692286024,2.9278634280393585
1.035560293671022,1.052730486310597,2.4778664697078465,2.335964784036514
1.0952138034437449,1.0950909474144768,2.440788595111164,2.321353775882356
0.8177214572059902,0.8849141737039172,1.556951098590848,1.4752958349290293
0.9866119000720721,0.9709478687995184,2.500358856374726,2.357929085504643
1.0675948366974208,1.0456034254170565,2.639338283295551,2.4746503058356795
1.0897853557793518,1.0582608353529168,2.4771599763674583,2.341318425222822
0.763876671658441,0.770388090900154,2.2035510548546933,2.0690237408704086
0.9996350582515926,0.9674380876621173,2.7085113021163747,2.5387198396583193
1.630875134980282,1.6118343456276127,3.8168506282604935,3.631779022700308
1.3534621891983973,1.343835743745191,3.206336923784252,3.0566862684319944
0.9918177787211507,0.9733498908635317,2.160532273170663,2.0268306809191774
1.5787357428862343,1.573938368828343,3.610577850115204,3.426487113024461
0.9551525460824435,1.0063279810116088,2.285124346490336,2.168869798332959
0.717903767363134,0.7094875938774463,1.9032704710267414,1.7839967129803083
1.0647078336832279,1.0884119097699398,2.303723803231134,2.183214946604617
0.7675427410305671,0.8069282071228866,1.6009767486005086,1.511056958141044
1.022867252321462,1.0338787513926662,2.039296025615729,1.9463764289948715
1.537639723336849,1.461679389670549,3.6811567674453096,3.468780242691992
1.2004782975132562,1.1893552571645136,2.815242995975721,2.6699851763181432
1.0738060432009582,1.0546232499908645,2.662779416282717,2.5302299181803036
1.0623112488794355,1.011572270127934,2.806002959017281,2.6487828376303586
0.9996525469054384,0.9902794878916661,2.4398998177033184,2.2958572722101507
1.0739691474830177,1.0637094416479034,2.756553330746846,2.614092635825178
0.8874688466993658,0.8833716254443945,2.2989468009127485,2.181892237588074
0.8237868344923037,0.8002223044972219,2.056258425300703,1.9201006901400461
0.8965978923284467,0.8682159094534507,2.5009333473510407,2.3443187672992876
1.022453712211433,1.005802975407486,2.219633255608918,2.0985332600209516
1.1033267905507085,1.0651610994041498,2.758962969326519,2.5932286723268994
1.2142199652188967,1.1592360385300473,3.0600083201745494,2.872449545521473
0.7531492031314857,0.7733441288644628,1.7531476639178076,1.6664734775277474
1.1613138235105098,1.149863910840516,2.996598527648183,2.8364974816465094
1.464331722548629,1.3774624502960529,3.5501085394647207,3.3419190374052996
1.1203184068608665,1.1563769874599634,2.504018438307218,2.3852006719597507
1.104524394200037,1.0635419821799021,2.826641936038491,2.6729083441433104
0.8663751125810086,0.8944951612276415,2.0643460856635136,1.9529540061569517
1.0990351729825847,1.045889640295243,2.3763510910186825,2.236416784808271
0.9425641223546604,0.9235058892893502,2.4203645165042484,2.2740108318106715
1.2715451239758777,1.2791701836190252,3.0627579743644953,2.9185054336258145
1.1055141284064791,1.1079576326954073,2.596412051127176,2.4797968723615487
1.0919288815026784,1.0467930646619648,2.808304959635452,2.6260118097115184
1.453929854948879,1.4805616661370136,3.265337093323281,3.114981201704946
1.2029025656020285,1.1686492043178112,2.6877996161633386,2.5384561329606394
1.2603938768199106,1.2537494545075512,3.047575782507304,2.8804036300653393
0.9055008934913209,0.9028501468543417,2.3441554692221906,2.2071663685808653
0.9974718604571128,1.0348332964683746,2.101025394935306,2.016784372270066
0.9422624077931079,0.9589203753559027,2.2780448204826955,2.1484642245544183
1.0050577279413098,0.9413795702058854,2.528074228027571,2.3534391093156084
1.2628200632048743,1.190060993560513,3.206709658278006,3.0050001983012407
0.9013103018568374,0.9804947652201338,1.5102602582139724,1.4146248912650403
0.9491950765732331,1.0014830337936214,1.9359170256717553,1.8351707008820903
1.0506542495907756,1.0056498610630809,2.3626703287174475,2.226273952053132
0.8755856741491981,0.8905849821293064,2.174991968632997,2.0696539172230968
1.519925224592187,1.4808929902381855,3.6305614504953847,3.4517147532768346
1.3334751920516796,1.2963355228518412,3.250764650139477,3.0770922150459845
0.8245434807265294,0.8832969644520846,1.7821511946250532,1.6843647371170214
1.3593688310625094,1.3022863999555272,3.3530521385730125,3.1620883669931596
1.1022642356289885,1.0650441394138201,2.8097385921680273,2.6460878252105107
1.0594113879305347,1.0932370735688164,2.084677272478267,1.9830317472914876
1.248358806358051,1.2352208824410986,3.0284215645735593,2.8828040849184355
0.7858127114151849,0.8047769876754057,2.0657626181357682,1.939880604642877
0.8708273922038858,0.8948507567376157,2.1431847294202364,2.0269387386223814
1.3534589454256278,1.331773752168115,3.1306135231680527,2.9719508788708535
1.0974967006065501,1.1356961826546783,2.7263692961161037,2.590711169552509
0.8923966091459204,0.9027137039652212,2.277243657217282,2.1371086614799637
1.3708473783630797,1.2985502689841375,3.430217345415532,3.2170309550130276
0.9625533877045314,0.9778079739430446,2.1496216574068976,2.0255525025502488
1.1306999832179205,1.145443410390637,2.6670918759523756,2.4970794699173537
1.0097654259150963,0.9783859540781742,2.5403025536357795,2.4048041268312947
0.9175761244435914,0.9220947948345711,1.757512864832598,1.6810271169786095
1.2151952402548654,1.188437943240718,2.991589325638314,2.8125712876055364
1.5251167737518312,1.4951549487262714,3.6431080155226585,3.4533310047779278
1.2520431670388725,1.1858060755871378,2.6448235082327476,2.4657222173748443
1.1677220360252547,1.1963061651497506,2.1931766952449245,2.081595509127906
0.7821879764457615,0.8276930038089416,1.7345625003294314,1.6419994725742695
1.4254340078548358,1.3373412547264285,3.4059406709010505,3.2123407776390382
0.7962154791905288,0.7529431584277135,1.9618207480354461,1.837335475003525
0.8332587260795473,0.8908550123760822,1.6605825872811941,1.5673391705160062
1.0214468756023545,1.0040031114774748,2.534825001673424,2.374628253260868
0.9491125561384081,0.9410220884327404,2.3949146288699152,2.2458375835151587
1.3279935367193574,1.3298456015264617,3.1605931138737207,3.0099424493591553
0.888911557355743,0.9552374559391599,1.464219540096814,1.402008298194998
0.7973428895060038,0.8305335301562637,1.9591689172419033,1.8597006817926254
0.7760770042359382,0.8036104577910896,2.0338678624511193,1.9126584840597352
0.7999391701680082,0.8008203895235347,1.8351559195798992,1.7075811147965214
0.995699613415244,0.9585852534176981,2.4953553378013473,2.345519579466999
1.1712325700993214,1.093297569261169,2.857329926837916,2.668937103800816
1.202590378513133,1.1583184359027736,2.802607956774872,2.6349760352382634
0.8301097780154268,0.8600686649339465,1.7936100181955543,1.7222415460838374
0.9882650317592785,1.0104234652249782,1.9916543889090892,1.907259679878127
0.8929206371836856,0.8697795953667133,2.407989867017332,2.2555051100126993
0.8512191451084882,0.8403088386922929,2.1051606425958873,1.975001188735564
0.9960552662754113,1.0026118251684346,1.4839774032102937,1.4020446105557767
0.8529488143556873,0.8038118972151336,2.194258841581402,2.0693538220136394
0.9384900986278105,0.9224202475282495,2.3509708623707324,2.205138206710113
1.1863229777140645,1.1272414979402352,3.0338181297592,2.8377260489243987
1.1881064161586379,1.1608138261686187,2.8874896867031157,2.718175133485501
1.1896704209532807,1.2188969623404957,2.773368159146686,2.652693857311253
1.0252577619064451,0.9731881944686975,2.264011453558648,2.1367737261760134
1.3565483409080121,1.2921159370628343,3.350061696797149,3.1744354342379624
0.9095659698261306,0.9968317486681681,1.3209273156282964,1.2756455359968837
1.0728271939729304,0.9884816247016052,2.746634075799006,2.5766712730678187
0.8194307564794009,0.7841742685825482,2.1352590485378333,1.9867417286600584
0.8252430538758649,0.8104072222560204,1.9320156655398524,1.8025344215013028
0.605984174979939,0.6593761518941679,1.3949051003041857,1.318671738769415
0.8176754759052476,0.9440882679926933,1.1443482929327837,1.1278824067781466
1.0200619306848473,1.0364737748006454,2.5221518637276477,2.399090122858571
1.2627591369248825,1.2670620900036147,2.6426067795934904,2.4864606786015755
1.1405199937140937,1.091171800446848,2.9220348911112595,2.770050734386233
1.3074314561811051,1.2720834969837276,3.249568408188639,3.07263042530922
1.0496488001727713,1.0965945830909536,2.2451497479263423,2.148813902624128
1.0411854913557475,1.086991385781754,2.2801198311087485,2.1763556638943204
1.255485233083327,1.193750633213169,3.1978904110484487,3.0058248408390424
0.8038142303133124,0.8111840753167292,1.5430986523880224,1.4578709911426575
0.9976497594692765,1.015606767004534,2.4780953956213425,2.355692182215269
0.8883503047438509,0.9217439931066684,1.8465568975858953,1.7248872814826108
1.0480216502587676,1.0466712517561438,2.3359212287748603,2.1940850375827496
1.1846356465027537,1.180321967855718,2.6999801293503847,2.5634830069225525
1.5050202485198219,1.4177827824106761,3.570462672869457,3.3860984031456374
0.9445846026768314,0.8987562660220004,2.4785652669689036,2.3203342854570055
1.1138640469472607,1.1108443298712616,2.874587256003005,2.7242710996659936
0.9933148986371629,0.9900817348296416,2.579382646993459,2.427250782223097
1.3065275170022843,1.2258967909550544,3.2327651765064735,3.040579455299514
0.9143013185466004,0.8831411001294728,2.2579743545742574,2.1080267731288664
1.3330830246154743,1.3008346597388258,3.320100204666111,3.149556084330577
0.7768092092517009,0.8144531327138601,1.6065131137823834,1.5195031383503415
0.8310300129808984,0.8506816476977391,2.145632812129317,2.019568148355752
0.9313817324502957,0.9234665400160179,1.7995894126678107,1.720184871806369
1.0907273252381477,1.0638111781847313,2.814879335957614,2.659340060148237
0.7888823956307941,0.768712929633081,1.997827859632295,1.8676941046227473
1.0337407188513652,0.9917600064674764,2.658108773606427,2.4948002215991973
1.0689439797025497,1.0565195457549263,2.6572606015016196,2.513134317733628
0.7630699995915622,0.7705864270288763,1.2938703484939136,1.2004358169569767
1.3320367120973655,1.2581508831334594,3.293957282850622,3.1085816500353154
1.3210907844095912,1.2615104070468395,3.3688258630298775,3.1822639257527188
1.1002897190349372,1.0897783901406821,2.67320409470156,2.5272860582780714
0.9272823339555544,0.9805077579685673,1.6960740539285095,1.6280775146501296
0.7638084608380961,0.8239621048388165,1.732913743654047,1.6258738605554073
1.2704725710050326,1.1932008953742805,2.965403520420252,2.7900221626033805
0.7666506300165657,0.7844721811874793,1.9937732098686909,1.8862925999011833
1.0803986261515908,1.0892316029095868,2.59774903314622,2.464936668255176
0.8366363779188235,0.7785271870724881,2.1952285557065565,2.041397490303612
0.9205101490280846,1.028125331837725,1.6303900371719995,1.58246749279469
0.8429591164021254,0.8548303601902048,1.9690518203692933,1.8514412505223325
0.9105667444369806,0.9827116526637859,1.9396757716964939,1.8191634253708728
1.0052309024578006,0.9872900928098088,2.6143217276994806,2.443508087001851
0.9773540464054155,0.9641500083323915,2.279075542292361,2.13714208789374
1.549902695337629,1.4826426278819727,3.639620313736573,3.452654811657087
1.6286772939076841,1.6065997088930266,3.8444801225934375,3.6420766060238656
0.8474657032111028,0.8399886439321299,2.172500801045576,2.0314534614311626
1.0940692262885832,1.10574794335455,2.5231655164047395,2.3750281732973564
0.9374012795509663,0.917031243021731,1.6729880652395634,1.5660817230911241
1.0918260935082647,1.103615873776184,2.54346084854869,2.3856369174666234
1.1586175354558836,1.087238853545269,2.8604415917912918,2.698738022121551
0.9284611260881915,0.8888246533209386,2.508030940051171,2.3570286611514004
0.9244049206296024,0.9177854915716852,2.3960583609623445,2.261664088066657
0.7756653786894926,0.7736381433710458,1.7206478267202134,1.6166268092378215
1.3559447277615675,1.338815496149198,3.3090577383081956,3.1249841835079506
0.6987892813348999,0.6557241107393793,1.8373000840600506,1.7070028692584251
0.6314387581313117,0.614903684251203,1.6496649184076755,1.542426971695566
0.5438606661617895,0.545406580095687,1.3684519698778361,1.2686831052322032
1.2685329388260504,1.2262221980661383,3.0277704895103064,2.8622827644587105
1.2860737827456026,1.1915739285309952,3.291671899687194,3.087249531930675
1.1593137773260749,1.1127828317030541,2.992336839942391,2.8271591525391115
0.9214611033522986,0.9154880979013763,2.3128952474993363,2.2018733735892635
1.1053776076285644,1.138104841089642,2.752185545409254,2.620950865934855
0.8009837019139433,0.8199931076531106,1.8214170154823723,1.7298106689319543
0.7974935625517416,0.7773493763881827,1.921756542117759,1.8226061975604702
0.9252187174830032,0.8997538547863099,2.4109124494495977,2.2638087309276718
1.1268431772684089,1.0875959592060074,2.8276568845479497,2.673441553822603
1.3728782034292546,1.3534846691547693,3.3198071329887173,3.145897973999093
0.9437895718842569,0.9987277356332501,2.1059348243638314,1.9958039700379666
1.6420950498718827,1.5888560073963682,3.9227519384736746,3.6960320535472717
0.8134294196239393,0.8682727499172688,1.6294937820754862,1.5562026617741482
1.2517733903895882,1.2108233217990128,2.985654233474448,2.8246373898082986
0.8531220455186584,0.8804539572524323,2.2392077219433566,2.120004334233332
0.8312715902541399,0.812084114122848,2.024117467451904,1.8951720597731145
0.9824261564349014,0.9490736977198666,2.6044479514639973,2.4382452540713992
1.4231221174222883,1.3706278332543154,3.52523392793071,3.318466868765283
1.090994935287287,1.0659234155278008,2.5961449125363956,2.449158068622177
0.6874736591857653,0.6758694228263059,1.699729919321057,1.5628877106325323
0.9075365407347613,0.9137618491110792,1.5926758441177888,1.48208251731361
1.1042169723594952,1.0628955745821436,2.855732704996202,2.6879197962230084
0.7493032465797991,0.7208384661155618,1.9579569833953478,1.8585407657113477
1.2168684579609266,1.218871481463813,2.9305562839301773,2.780536526902167
0.7491185838689683,0.7794248313215713,1.7723395563788265,1.6703695657933897
1.2230081100286263,1.2155776734950314,3.118098849449082,2.959227504905558
1.257104210067759,1.2344668591459735,3.077361996553278,2.8993073253542465
0.8754137214564417,0.8408395607795071,2.4171315459993408,2.263567053064068
0.9416509226478855,0.9984271242123529,1.8214790969299166,1.7338981000723614
0.9340239208517813,0.9349587078759439,2.0952202927233374,1.9760562140414313
1.1242861037531313,1.1734497224741238,2.743149571234435,2.611061542906755
1.0526779428371364,1.077863192360581,2.510592910343554,2.3630813544743874
0.7598580394514715,0.7530176858724928,1.94441463268902,1.8177054613985009
1.0241846668805827,1.0256146258877243,2.4959005806596135,2.360055912369714
1.1419247326133775,1.117635789526561,2.7281427023470015,2.580279075332127
1.0600224148741964,1.0629852502016308,2.796977827040471,2.6383120774657858
1.5619345827488043,1.4974220277234034,3.733801775069262,3.526656006519596
1.028527854190506,1.061371756449554,2.4308887219639828,2.2970039211359716
1.1399967212187363,1.1075993734426997,2.8210283899437143,2.6546209029969394
1.222672646184711,1.168348412443869,2.810830072061476,2.6461498248868667
0.8653776307960699,0.8943961569468746,1.680154698343099,1.5887503875389688
0.9800201165561044,0.9650165653284981,2.238782832592424,2.082476871956066
1.0038283693095325,0.9357727899569016,2.4809793931794117,2.328841839902486
1.3756577243623187,1.3664084021693497,3.271593104320541,3.1009530927747107
1.2403941739108209,1.2530337943784873,2.6846912278979604,2.5433973860260854
1.046722286004436,1.0214550938310663,2.586699025031474,2.43369770278047
0.9153682782785365,0.946520353361024,2.200977128817698,2.0949291704104462
0.9147043044530808,0.9178484898987616,2.436704389791896,2.3045165511576067
0.7781862700425285,0.7987895076350958,1.9323560008274943,1.8321347849354548
1.2600437843897279,1.2777896638065176,3.10300542557953,2.9470696825520046
1.3285890615896758,1.270344554562999,3.260109906286472,3.0789684635401815
1.4213176364327265,1.4189804404243742,3.4547521370019085,3.272353466242241
0.6362587049214007,0.6012313640770438,1.4306343566258866,1.3266105585084675
1.1358798183277319,1.0967914688768825,2.8618783439439315,2.7006612312725338
0.9505145011931162,0.9480984390025766,2.159153198096958,2.0349742555612806
0.8356249069301571,0.8022380480373729,2.203651323803022,2.0613713007793115
0.8778374456815875,0.9151990132889626,2.1393704095805055,2.016941409065581
1.0149318021484464,1.0641819785008213,1.601388496444035,1.5333931292789231
1.1650297782000782,1.1415123993567942,2.721705537870307,2.5653731850103245
0.878301607982763,0.8973956614219427,2.008966228151624,1.8882030689682738
0.7379181466163431,0.7892906836172247,1.8352541096551511,1.748230754898921
0.9549140636293997,0.9430130810111708,2.016171557546093,1.8966516392682902
0.9671572821346947,0.9802708931596392,2.198100224331478,2.072368874547194
0.8175432017823072,0.8480214301491827,1.8512479988820703,1.7410944410926805
0.9816555860097348,0.9258763415851791,2.5120234239146177,2.3573475015284338
1.0007964982318358,0.977272039109238,2.548343140635982,2.414069384587049
1.4743282848367714,1.4361797307391018,3.5611676367719816,3.355558795130664
1.1932068352428395,1.1825573447720066,3.085217152281699,2.912408542724202
1.2487645859746632,1.2100132997945352,3.1951058806893813,3.006527370176922
0.9358690710999371,0.984307156705982,2.0899003792760973,1.9899282075091307
1.1836402387289382,1.1860009412451396,2.7348673264261447,2.5917058180592485
0.7667768429635977,0.8197518047357664,1.0483612787339116,0.9964150823888922
0.9881503379000701,0.9355420941198381,2.341214433566727,2.1999881050022885
0.9641940108601956,0.9556790844349426,2.330762377222227,2.2001665690689394
1.4243093882929536,1.4474269393162464,3.312108687964512,3.1446257378037443
0.9533452333608811,0.967456240219502,2.107072558856018,1.989366503028046
0.8573373780612361,0.829070021781318,1.6294371854024443,1.5425054600388324
0.8202317575082421,0.8643622833464288,2.0373005557844093,1.9273835533265833
